Title,Link,Image,Location,DateTime,Month,Date,Day
Trash To Treasure Move-In Sale,https://events.tulane.edu/content/trash-treasure-move-sale-6,https://events.tulane.edu/sites/default/files/styles/scale_and_crop_266x200/public/images/events/72d02771-96d0-4138-b152-5be2db291f6c57256e45-472b-4f41-933a-1655cadb1d28.png?itok=R3ArFY5W,"Elleonora P. McWilliams Lab Theatre, Room 104 BLDG #70","Sun, Aug 10 2025 at 10am",Aug,10 - 16,Sun - Sat
Trash to Treasure Move-In Sale 2025,https://events.tulane.edu/content/trash-treasure-move-sale-2025,https://events.tulane.edu/sites/default/files/styles/scale_and_crop_266x200/public/images/events/e933067f-39bd-44d1-846b-73bffe4b7ea1bd52953e-8275-4980-a0c1-fd43fa9feb41.png?itok=GZ9aFE45,McWilliams Hall,2025-08-10T10:00:00-05:00,Aug,10,Sun
Family Resource Station,https://events.tulane.edu/content/family-resource-station-1,https://events.tulane.edu/sites/default/files/styles/scale_and_crop_266x200/public/images/events/65d0ef0a-6feb-4505-bafa-fc50bfd17b1bacb3be07-af5a-4fb7-847f-cde7b5266291.png?itok=1YRbldPn,Pedersen Lobby,2025-08-10T13:00:00-05:00,Aug,10,Sun
Tulane Hillel at RLC Fair,https://events.tulane.edu/content/tulane-hillel-rlc-fair,,Pocket Park,2025-08-10T13:00:00-05:00,Aug,10,Sun
Religious Life,https://events.tulane.edu/content/religious-life,,Pocket Park,2025-08-10T13:00:00-05:00,Aug,10,Sun
Tulane Hillel Open House,https://events.tulane.edu/content/tulane-hillel-open-house,https://events.tulane.edu/sites/default/files/styles/scale_and_crop_266x200/public/images/events/e2b0fc73-db30-421e-a395-bfb65322a545a5bc5f06-15f7-4594-a569-cbd9dc631b8d.png?itok=pXJjY9OO,Tulane Hillel,2025-08-10T14:00:00-05:00,Aug,10,Sun
Family Welcome,https://events.tulane.edu/content/family-welcome,https://events.tulane.edu/sites/default/files/styles/scale_and_crop_266x200/public/images/events/014b12c1-b5b5-4c6c-9fb2-50584efef9fcda5e8fc2-9b78-4b03-a1ef-cfe3c29c0c1f.png?itok=oDMrV3Ya,McAlister Auditorium,2025-08-10T17:00:00-05:00,Aug,10,Sun
Trash to Treasure Move-In Sale 2025,https://events.tulane.edu/content/trash-treasure-move-sale-2025-0,https://events.tulane.edu/sites/default/files/styles/scale_and_crop_266x200/public/images/events/e933067f-39bd-44d1-846b-73bffe4b7ea1bd52953e-8275-4980-a0c1-fd43fa9feb41.png?itok=GZ9aFE45,McWilliams Hall,2025-08-11T10:00:00-05:00,Aug,11,Mon
F-1 Grad Student Orientation,https://events.tulane.edu/content/f-1-grad-student-orientation-0,https://events.tulane.edu/sites/default/files/styles/scale_and_crop_266x200/public/images/events/6c4bb3de-c6a1-4831-8c58-4e73437695b646a6c00d-11f7-4302-abd5-4804f554473c.png?itok=1T5vOkGc,Building #82 Woldenberg Art Center - Freeman Auditorium,2025-08-11T12:00:00-05:00,Aug,11,Mon
Family Resource Station,https://events.tulane.edu/content/family-resource-station-2,https://events.tulane.edu/sites/default/files/styles/scale_and_crop_266x200/public/images/events/65d0ef0a-6feb-4505-bafa-fc50bfd17b1bacb3be07-af5a-4fb7-847f-cde7b5266291.png?itok=1YRbldPn,Pedersen Lobby,2025-08-11T13:00:00-05:00,Aug,11,Mon
Religious Life,https://events.tulane.edu/content/religious-life-0,,Pocket Park,2025-08-11T13:00:00-05:00,Aug,11,Mon
Incoming Family Welcome Event,https://events.tulane.edu/content/incoming-family-welcome-event,https://events.tulane.edu/sites/default/files/styles/scale_and_crop_266x200/public/images/events/c3f4025f-6bf1-4856-97c2-e2fcb811efb5ee3ff479-1e84-4894-be80-ac90af05031c.png?itok=zLaAcqX-,Tulane Hillel,2025-08-11T14:00:00-05:00,Aug,11,Mon
Family Welcome,https://events.tulane.edu/content/family-welcome-0,https://events.tulane.edu/sites/default/files/styles/scale_and_crop_266x200/public/images/events/014b12c1-b5b5-4c6c-9fb2-50584efef9fcda5e8fc2-9b78-4b03-a1ef-cfe3c29c0c1f.png?itok=oDMrV3Ya,McAlister Auditorium,2025-08-11T17:00:00-05:00,Aug,11,Mon
Welcome Back from Coca-Cola,https://events.tulane.edu/content/welcome-back-coca-cola,https://events.tulane.edu/sites/default/files/styles/scale_and_crop_266x200/public/images/events/41b1e4f6-de98-4284-8151-5f74e23c1e0b306c4222-7c6d-4143-8373-a9a322b09f6e.png?itok=22V8uYXb,McAlister Plaza,2025-08-12T09:00:00-05:00,Aug,12,Tue
Trash to Treasure Move-In Sale 2025,https://events.tulane.edu/content/trash-treasure-move-sale-2025-1,https://events.tulane.edu/sites/default/files/styles/scale_and_crop_266x200/public/images/events/e933067f-39bd-44d1-846b-73bffe4b7ea1bd52953e-8275-4980-a0c1-fd43fa9feb41.png?itok=GZ9aFE45,McWilliams Hall,2025-08-12T10:00:00-05:00,Aug,12,Tue
Tulane Hillel Open House,https://events.tulane.edu/content/tulane-hillel-open-house-0,https://events.tulane.edu/sites/default/files/styles/scale_and_crop_266x200/public/images/events/e2b0fc73-db30-421e-a395-bfb65322a545a5bc5f06-15f7-4594-a569-cbd9dc631b8d.png?itok=pXJjY9OO,Tulane Hillel,2025-08-12T10:00:00-05:00,Aug,12,Tue
New Graduate Student Orientation,https://events.tulane.edu/content/new-graduate-student-orientation,https://events.tulane.edu/sites/default/files/styles/scale_and_crop_266x200/public/images/events/b2bd1292-4fed-4fb9-ab72-c807a5765702e7b2c2b1-3346-46ed-a157-dbdc38cca260.png?itok=w8PMwRCt,Paul Hall Auditorium,2025-08-12T12:00:00-05:00,Aug,12,Tue
Religious Life,https://events.tulane.edu/content/religious-life-1,,Pocket Park,2025-08-12T13:00:00-05:00,Aug,12,Tue
Family Resource Station,https://events.tulane.edu/content/family-resource-station-3,https://events.tulane.edu/sites/default/files/styles/scale_and_crop_266x200/public/images/events/65d0ef0a-6feb-4505-bafa-fc50bfd17b1bacb3be07-af5a-4fb7-847f-cde7b5266291.png?itok=1YRbldPn,Pedersen Lobby,2025-08-12T13:00:00-05:00,Aug,12,Tue
Tulane Hillel at RLC Fair,https://events.tulane.edu/content/tulane-hillel-rlc-fair-0,,Pocket Park,2025-08-12T13:00:00-05:00,Aug,12,Tue
Family Welcome,https://events.tulane.edu/content/family-welcome-1,https://events.tulane.edu/sites/default/files/styles/scale_and_crop_266x200/public/images/events/014b12c1-b5b5-4c6c-9fb2-50584efef9fcda5e8fc2-9b78-4b03-a1ef-cfe3c29c0c1f.png?itok=oDMrV3Ya,McAlister Auditorium,2025-08-12T17:00:00-05:00,Aug,12,Tue
Community Meeting - South Liberty Project,https://events.tulane.edu/content/community-meeting-south-liberty-project,,"Downtown Campus Center, 1415 Tulane Avenue",2025-08-12T18:00:00-05:00,Aug,12,Tue
New Graduate TA Orientation,https://events.tulane.edu/content/new-graduate-ta-orientation,https://events.tulane.edu/sites/default/files/styles/scale_and_crop_266x200/public/images/events/c93fbc74-c68f-4d0b-8c28-eced59fea6edcff2f11f-b1bb-4077-9c28-6e8bf9b83c0b.png?itok=atbscUD2,Howard Tilton Memorial Library B07,2025-08-13T08:30:00-05:00,Aug,13,Wed
1L Orientation - Oath of Professionalism,https://events.tulane.edu/content/1l-orientation-oath-professionalism,,McAlister Auditorium,2025-08-13T09:30:00-05:00,Aug,13,Wed
NTC International Student Orientation Session Fall 2025,https://events.tulane.edu/content/ntc-international-student-orientation-session-fall-2025,https://events.tulane.edu/sites/default/files/styles/scale_and_crop_266x200/public/images/events/b86d0e53-b55e-45cf-9356-0f82b842c4b783178bec-ca8d-4cef-a7c0-b99584745a04.png?itok=ru5Bgbdx,Lake Hall Theater,2025-08-13T10:00:00-05:00,Aug,13,Wed
Trash to Treasure Move-In Sale 2025,https://events.tulane.edu/content/trash-treasure-move-sale-2025-2,https://events.tulane.edu/sites/default/files/styles/scale_and_crop_266x200/public/images/events/e933067f-39bd-44d1-846b-73bffe4b7ea1bd52953e-8275-4980-a0c1-fd43fa9feb41.png?itok=GZ9aFE45,McWilliams Hall,2025-08-13T10:00:00-05:00,Aug,13,Wed
Ride the Wave to Wellness,https://events.tulane.edu/content/ride-wave-wellness,https://events.tulane.edu/sites/default/files/styles/scale_and_crop_266x200/public/images/events/379d9e08-33fd-492e-bc10-c7f106a8db8273cf5d93-5d2d-4210-9a1e-2e2dd90d16c2.png?itok=1m2AY5vH,Downtown Campus Center Atrium / Wave City Market,2025-08-13T10:00:00-05:00,Aug,13,Wed
Physics and Engineering Physics Summer Research Colloquium,https://events.tulane.edu/content/physics-and-engineering-physics-summer-research-colloquium,https://events.tulane.edu/sites/default/files/styles/scale_and_crop_266x200/public/images/events/726053f9-d36d-4cf2-b061-74da60776e57e37da014-faa7-4005-9c8c-209783ba8c19.png?itok=xx8-93XJ,LBC - Stibbs Room (203),2025-08-13T10:00:00-05:00,Aug,13,Wed
Virtual 3-Part Workshop: From Theory to Practice:  Creating Organizational Change for Health Equity,https://events.tulane.edu/content/virtual-3-part-workshop-theory-practice-creating-organizational-change-health-equity-0,https://events.tulane.edu/sites/default/files/styles/scale_and_crop_266x200/public/images/events/f89aabcc-b609-4b4e-8637-5165ad4ef6e5f6b443fc-199a-4469-b345-a4fc546080db.png?itok=o4yz8av1,Online,2025-08-13T12:00:00-05:00,Aug,13,Wed
OISS Campus Tour,https://events.tulane.edu/content/oiss-campus-tour,https://events.tulane.edu/sites/default/files/styles/scale_and_crop_266x200/public/images/events/ea1b6377-d980-4158-9662-577be11be383bf382463-05c0-444f-848d-322cc6eda654.png?itok=fNN2fxUa,6901 Willow Street - OISS Office,2025-08-13T13:00:00-05:00,Aug,13,Wed
Connect Fest,https://events.tulane.edu/content/connect-fest,https://events.tulane.edu/sites/default/files/styles/scale_and_crop_266x200/public/images/events/0e91bdbe-5bc4-4be7-96cc-2a8de4b24fb8e338a780-6b36-4727-a3ae-5a285c294388.png?itok=EWoTpFI_,"Kendall Cram, Lavin-Bernick Center, Room 213",2025-08-13T14:00:00-05:00,Aug,13,Wed
OISS F-1 Undergrad Orientation,https://events.tulane.edu/content/oiss-f-1-undergrad-orientation,https://events.tulane.edu/sites/default/files/styles/scale_and_crop_266x200/public/images/events/fd173e74-1618-4e1e-8aa6-d075b06fc87ba762e45e-6f08-4ca1-b9c8-81319b27ddf7.png?itok=sxAESJZi,"The Hub, Lake Hall Theater",2025-08-13T15:30:00-05:00,Aug,13,Wed
Success Workshops,https://events.tulane.edu/content/success-workshops-0,https://events.tulane.edu/sites/default/files/styles/scale_and_crop_266x200/public/images/events/6d92b53e-6d63-46de-bbfd-0ecad092b2a7937c5c1c-7b30-4ce9-aed4-8b38b6934e77.png?itok=uM96_-Tp,B09 & B11 - Howard-Tilton Memorial Library,2025-08-13T15:45:00-05:00,Aug,13,Wed
Campus Cup,https://events.tulane.edu/content/campus-cup,https://events.tulane.edu/sites/default/files/styles/scale_and_crop_266x200/public/images/events/3c92bd23-f74c-46eb-8277-ccfce4f158cc018f8bad-e024-4cc8-b747-4cba07e74efc.png?itok=cU8Xdvw3,Brown Field,2025-08-13T20:30:00-05:00,Aug,13,Wed
Freeman Abroad Incoming Exchange Student Orientation,https://events.tulane.edu/content/freeman-abroad-incoming-exchange-student-orientation,,Goldring/Woldenberg Business Complex 170,2025-08-14T09:00:00-05:00,Aug,14,Thu
School of Liberal Arts Assembly,https://events.tulane.edu/content/school-liberal-arts-assembly,https://events.tulane.edu/sites/default/files/styles/scale_and_crop_266x200/public/images/events/ff47fa99-a6e4-4da7-bb06-0c65c0d9710501f4d5fd-2538-43c6-8e3b-b739d1e3613e.png?itok=VWR-_D2k,McAlister Auditorium,2025-08-14T09:00:00-05:00,Aug,14,Thu
Trash to Treasure Move-In Sale 2025,https://events.tulane.edu/content/trash-treasure-move-sale-2025-3,https://events.tulane.edu/sites/default/files/styles/scale_and_crop_266x200/public/images/events/e933067f-39bd-44d1-846b-73bffe4b7ea1bd52953e-8275-4980-a0c1-fd43fa9feb41.png?itok=GZ9aFE45,McWilliams Hall,2025-08-14T10:00:00-05:00,Aug,14,Thu
Freshmen Open House,https://events.tulane.edu/content/freshmen-open-house,https://events.tulane.edu/sites/default/files/styles/scale_and_crop_266x200/public/images/events/9a8693fe-214e-42e6-9111-f37a97a4e1d05e6479dd-4faa-46cf-8350-032dc5d12daf.png?itok=B5kOzo5r,Marshall Family Commons (Business Complex 1st Floor),2025-08-14T10:30:00-05:00,Aug,14,Thu
Tulane School of Social Work Academic Open House,https://events.tulane.edu/content/tulane-school-social-work-academic-open-house,https://events.tulane.edu/sites/default/files/styles/scale_and_crop_266x200/public/images/events/55f45946-f462-4f8d-86d4-a04e7fd79aabdf7c6385-2024-4892-b185-e0913e022d7c.png?itok=4l2PjGQb,Pederson Lobby in the LBC,2025-08-14T10:30:00-05:00,Aug,14,Thu
Open House for Incoming Freshmen,https://events.tulane.edu/content/open-house-incoming-freshmen,https://events.tulane.edu/sites/default/files/styles/scale_and_crop_266x200/public/images/events/7982bba3-d7cc-418e-818a-91a5ca510f9b8972f599-3262-4a8d-aebb-4e1ddc7b02a4.png?itok=2p1Kr-N8,Caroline Richardson Building,2025-08-14T10:30:00-05:00,Aug,14,Thu
Provost Proof of Concept Application Overview,https://events.tulane.edu/content/provost-proof-concept-application-overview-0,https://events.tulane.edu/sites/default/files/styles/scale_and_crop_266x200/public/images/events/a207ddb9-73e1-412e-aae6-f7e3b479171a827393be-b1e1-432b-b68e-af0719e7f976.png?itok=XkLjZWJl,Online,2025-08-14T11:00:00-05:00,Aug,14,Thu
NTC International Students Welcome Lunch Fall 2205,https://events.tulane.edu/content/ntc-international-students-welcome-lunch-fall-2205,https://events.tulane.edu/sites/default/files/styles/scale_and_crop_266x200/public/images/events/74b7da25-fc7c-4ecb-a00d-4e7ae0ec6ca1d614694f-5e27-4b2f-bd59-7705444cace5.png?itok=27okfvQX,LBC #212 - Qatar,2025-08-14T12:00:00-05:00,Aug,14,Thu
OISS J-1 Exchange Student Orientation,https://events.tulane.edu/content/oiss-j-1-exchange-student-orientation,https://events.tulane.edu/sites/default/files/styles/scale_and_crop_266x200/public/images/events/d7bd9c59-f36e-4f04-988c-6bc82028446c6e23c70e-f62f-4927-8ae6-7bd59f17b4a0.png?itok=hzkFRd11,Building #82 Woldenberg Art Center - Freeman Auditorium,2025-08-14T12:00:00-05:00,Aug,14,Thu
International Students Shopping Trip,https://events.tulane.edu/content/international-students-shopping-trip,https://events.tulane.edu/sites/default/files/styles/scale_and_crop_266x200/public/images/events/9c049605-eb30-48c2-938a-a7bfb02c946bd26fc757-097e-465e-9f93-456d5a606d61.png?itok=DT55qqZY,Meeting Point: Newcomb Pl and Newcomb CIR Bus Stop,2025-08-14T14:00:00-05:00,Aug,14,Thu
Roll Into Rec: Visit the Reily Center,https://events.tulane.edu/content/roll-rec-visit-reily-center,,Reily Recreation Center,2025-08-14T15:00:00-05:00,Aug,14,Thu
PMBA Orientation - Fall '25,https://events.tulane.edu/content/pmba-orientation-fall-25,https://events.tulane.edu/sites/default/files/styles/scale_and_crop_266x200/public/images/events/0ef586fe-3a82-4bab-aec3-9efc222c1fcf27fc1e28-824d-48f0-9dad-173498728b80.png?itok=KTNxmbRl,GWBC Room 470 / 4th Floor,2025-08-14T17:00:00-05:00,Aug,14,Thu
Roll Into Rec: Club Sports & Outdoor Adventures Expo,https://events.tulane.edu/content/roll-rec-club-sports-outdoor-adventures-expo,,Brown Field,2025-08-14T21:00:00-05:00,Aug,14,Thu
Navy ROTC New Student Orientation,https://events.tulane.edu/content/navy-rotc-new-student-orientation,,Navy ROTC Building,"Fri, Aug 15 2025 at 6am",Aug,15 - 17,Fri - Sun
Trash to Treasure Move-In Sale 2025,https://events.tulane.edu/content/trash-treasure-move-sale-2025-4,https://events.tulane.edu/sites/default/files/styles/scale_and_crop_266x200/public/images/events/e933067f-39bd-44d1-846b-73bffe4b7ea1bd52953e-8275-4980-a0c1-fd43fa9feb41.png?itok=GZ9aFE45,McWillams Hall,2025-08-15T10:00:00-05:00,Aug,15,Fri
Shabbat Dinner and Services,https://events.tulane.edu/content/shabbat-dinner-and-services,https://events.tulane.edu/sites/default/files/styles/scale_and_crop_266x200/public/images/events/941b3774-d06a-4bbf-9b1e-27e6f7a0cb48538bebc1-4b3f-4072-ad52-deb083227732.png?itok=dJg4GFUi,Tulane Hillel,2025-08-15T18:30:00-05:00,Aug,15,Fri
Trash to Treasure Move-In Sale 2025,https://events.tulane.edu/content/trash-treasure-move-sale-2025-5,https://events.tulane.edu/sites/default/files/styles/scale_and_crop_266x200/public/images/events/e933067f-39bd-44d1-846b-73bffe4b7ea1bd52953e-8275-4980-a0c1-fd43fa9feb41.png?itok=GZ9aFE45,McWilliams Hall,2025-08-16T10:00:00-05:00,Aug,16,Sat
Tulane Takeover,https://events.tulane.edu/content/tulane-takeover-0,https://events.tulane.edu/sites/default/files/styles/scale_and_crop_266x200/public/images/events/9e759510-3236-4884-9883-9bae9207d1d904e8adfc-e2f0-4639-89d0-1beeb464ce3e.png?itok=LY-p94P3,Lavin-Bernick Center,"Sat, Aug 16 2025 at 8pm",Aug,16 - 17,Sat - Sun
LBC Movie Night in the Village Theater | Superbad (2007),https://events.tulane.edu/content/lbc-movie-night-village-theater-superbad-2007,https://events.tulane.edu/sites/default/files/styles/scale_and_crop_266x200/public/images/events/331097e2-5cd1-47db-84d6-4d27e56d04a3015e6686-6a07-4e1d-a1cc-05c3db1de58b.png?itok=wjRLGL6z,The Village Theater (Room 150),"Sat, Aug 16 2025 at 10pm",Aug,16 - 17,Sat - Sun
Sunday Brunch and Worship,https://events.tulane.edu/content/sunday-brunch-and-worship,https://events.tulane.edu/sites/default/files/styles/scale_and_crop_266x200/public/images/events/13a4637b-cc3f-41f2-b765-51582c41b3a9111025a0-7836-47cf-b761-f961c3580d2b.png?itok=nDV6WNgZ,BCM House,2025-08-17T10:00:00-05:00,Aug,17,Sun
Tulane Hillel Tabling on McAlister!,https://events.tulane.edu/content/tulane-hillel-tabling-mcalister-2,https://events.tulane.edu/sites/default/files/styles/scale_and_crop_266x200/public/images/events/4942ba20-68ea-4d20-91fd-1181d526e4f1e5175b9f-768f-411b-b026-ba0a9b76694b.png?itok=aMwLcEQl,McAlister Way,2025-08-18T10:30:00-05:00,Aug,18,Mon
Advising Drop-Ins with NTC College Advising,https://events.tulane.edu/content/advising-drop-ins-ntc-college-advising,https://events.tulane.edu/sites/default/files/styles/scale_and_crop_266x200/public/images/events/495ee17e-ec80-4b50-94a8-66ae424e26d6235646b7-a417-4e0d-828d-5ade729393a0.png?itok=qhQidWEK,"Mussafer Hall, The HUB Garage, and Virtual Advising","Mon, Aug 18 2025 at 1pm",Aug,18 - 22,Mon - Fri
Afternoon Coffee and Tea hosted by Chi Alpha,https://events.tulane.edu/content/afternoon-coffee-and-tea-hosted-chi-alpha-14,https://events.tulane.edu/sites/default/files/styles/scale_and_crop_266x200/public/images/events/3bf3e883-3fbc-4385-b396-b65226b4b6c50721254f-11cc-423a-8d64-53a1f1c385c5.png?itok=GjVfO6O-,The Garage space in the Hub @ Lake Dorm,2025-08-18T15:00:00-05:00,Aug,18,Mon
SOM Birthday Celebration with the Deans,https://events.tulane.edu/content/som-birthday-celebration-deans-14,,Murphy Lobby,2025-08-19T10:00:00-05:00,Aug,19,Tue
A Taste of Latin America,https://events.tulane.edu/content/taste-latin-america,https://events.tulane.edu/sites/default/files/styles/scale_and_crop_266x200/public/images/events/78b51c28-dbbb-412b-955c-29e4718b3a07c7f546f5-f183-4b6a-b2c3-9593cbc8abb0.png?itok=SxZwcT3K,Pocket Park - McAlister Dr,2025-08-19T10:30:00-05:00,Aug,19,Tue
Open House Mobile Coffee Cart,https://events.tulane.edu/content/open-house-mobile-coffee-cart,https://events.tulane.edu/sites/default/files/styles/scale_and_crop_266x200/public/images/events/e94f9b0c-8f2e-4c36-99bf-7ec1ba9305a02886d710-f78c-4e4f-9d26-082024ec2122.png?itok=2BD5PCHe,Jewish Studies Building,2025-08-19T10:30:00-05:00,Aug,19,Tue
Tulane Tuesday | Chee Wees Snacks,https://events.tulane.edu/content/tulane-tuesday-chee-wees-snacks,https://events.tulane.edu/sites/default/files/styles/scale_and_crop_266x200/public/images/events/987d10ce-7d81-4b29-b918-775d0d20d49b0ece4d89-b548-42cf-8820-08c3a6f8bdc8.png?itok=vxRbD06a,"LBC - 1st Floor, Main Hallway",2025-08-19T11:00:00-05:00,Aug,19,Tue
Lunch with the Deans,https://events.tulane.edu/content/lunch-deans-1,,Diboll Gallery (Tidewater Bldg),2025-08-19T12:00:00-05:00,Aug,19,Tue
Global Cafe Fall 2025 Series,https://events.tulane.edu/content/global-cafe-fall-2025-series-0,https://events.tulane.edu/sites/default/files/styles/scale_and_crop_266x200/public/images/events/4fc1166f-9cf1-48f0-975e-c1bd6dccea9a209ab4bc-dfea-446b-91b7-cc63d2f533e5.png?itok=nHpwc87p,"Rosenberg Mezzanine, LBC",2025-08-19T14:00:00-05:00,Aug,19,Tue
Pathway to Computational Biology,https://events.tulane.edu/content/pathway-computational-biology,https://events.tulane.edu/sites/default/files/styles/scale_and_crop_266x200/public/images/events/2587a743-ffd6-4277-a70f-88226ccc2e6a80956a5b-cd08-49d4-845e-7c8900e5ef05.png?itok=C-4YqiJ9,Online,2025-08-19T15:00:00-05:00,Aug,19,Tue
OFSP Event Training,https://events.tulane.edu/content/ofsp-event-training,https://events.tulane.edu/sites/default/files/styles/scale_and_crop_266x200/public/images/events/c94afbb6-b4dc-4e12-96b4-bfa8d96956bf47cfe7dc-3cd3-4b49-9fa6-886845c25c49.png?itok=GMe5O0d-,Lake Theater,2025-08-19T17:00:00-05:00,Aug,19,Tue
Tulane Undergraduate Assembly Welcome Back & Elections,https://events.tulane.edu/content/tulane-undergraduate-assembly-welcome-back-elections,https://events.tulane.edu/sites/default/files/styles/scale_and_crop_266x200/public/images/events/0e987cce-ae50-4f93-a62d-3befea8f5b0293883221-f1a8-41ab-a15b-754707df2941.png?itok=qDk7O0u0,ROTC Food Truck Location,2025-08-20T10:30:00-05:00,Aug,20,Wed
Mindfulness Meet Ups for Faculty and Staff,https://events.tulane.edu/content/mindfulness-meet-ups-faculty-and-staff,https://events.tulane.edu/sites/default/files/styles/scale_and_crop_266x200/public/images/events/7be9bccf-8212-4b50-b0f7-00893f2f964ff23c09dc-4514-4d5a-9d0f-3d26c8020c8f.png?itok=BmeDT1KB,LBC 209,2025-08-20T12:00:00-05:00,Aug,20,Wed
Virtual 3-Part Workshop: From Theory to Practice:  Creating Organizational Change for Health Equity,https://events.tulane.edu/content/virtual-3-part-workshop-theory-practice-creating-organizational-change-health-equity-1,https://events.tulane.edu/sites/default/files/styles/scale_and_crop_266x200/public/images/events/f89aabcc-b609-4b4e-8637-5165ad4ef6e5f6b443fc-199a-4469-b345-a4fc546080db.png?itok=o4yz8av1,Online,2025-08-20T12:00:00-05:00,Aug,20,Wed
The Rat Grand Opening | Pizza,https://events.tulane.edu/content/rat-grand-opening-pizza,https://events.tulane.edu/sites/default/files/styles/scale_and_crop_266x200/public/images/events/3e36cc71-b75c-4876-8947-ed08d0e10a3ac38ef397-11cf-4958-beeb-abbb0ea2013c.png?itok=UeX8Frzv,LBC - The Rat,2025-08-20T12:00:00-05:00,Aug,20,Wed
COB Open House,https://events.tulane.edu/content/cob-open-house-0,https://events.tulane.edu/sites/default/files/styles/scale_and_crop_266x200/public/images/events/a49de9be-b6b5-406c-a62d-1bb3c85cbfb933027306-c918-4918-ba52-d618a1d3ecc1.png?itok=42v5gHqq,Pedersen Lobby,2025-08-20T14:00:00-05:00,Aug,20,Wed
CPT Info Session for F-1 Students,https://events.tulane.edu/content/cpt-info-session-f-1-students-1,https://events.tulane.edu/sites/default/files/styles/scale_and_crop_266x200/public/images/events/e77d876e-2b12-4b82-8bc1-796a990dc3971c014c97-6afe-43ec-a628-6c2cbf398462.png?itok=7boGCx5b,Online,2025-08-20T16:00:00-05:00,Aug,20,Wed
Virtual Game Night + Registered Student Organization Fair,https://events.tulane.edu/content/virtual-game-night-registered-student-organization-fair,,Online,2025-08-20T16:30:00-05:00,Aug,20,Wed
Welcome Back BBQ!,https://events.tulane.edu/content/welcome-back-bbq-0,https://events.tulane.edu/sites/default/files/styles/scale_and_crop_266x200/public/images/events/1c4d76a2-4f2a-4f28-a329-d3de450b2e3fae617513-b883-4b8b-9c98-da72b3feddd3.png?itok=KTqb8mPh,Tulane Hillel,2025-08-20T17:00:00-05:00,Aug,20,Wed
Join The Hullabaloo! Introductory meeting for interested students,https://events.tulane.edu/content/join-hullabaloo-introductory-meeting-interested-students,https://events.tulane.edu/sites/default/files/styles/scale_and_crop_266x200/public/images/events/c70ce552-e6a4-4099-b90b-87180676f45f0e51b6bd-5e50-4b77-965e-63e17f41fb7a.png?itok=QFMwt7Va,Rogers Memorial Chapel,2025-08-20T18:00:00-05:00,Aug,20,Wed
The Rat Grand Opening | Stuff-a-Plush,https://events.tulane.edu/content/rat-grand-opening-stuff-plush,https://events.tulane.edu/sites/default/files/styles/scale_and_crop_266x200/public/images/events/60c1dbb9-d31b-484e-9f9c-fe65ad76dfdb0bfa4e2f-7a9d-4c89-af0b-9a5f8fd1db5d.png?itok=nbepeVtt,LBC - The Rat,2025-08-20T20:00:00-05:00,Aug,20,Wed
CPS Internships & International Experiences - Tabling Info Session,https://events.tulane.edu/content/cps-internships-international-experiences-tabling-info-session,https://events.tulane.edu/sites/default/files/styles/scale_and_crop_266x200/public/images/events/697ffecd-cc8a-4558-9551-03c02bbf4dba2d9ff099-c895-4a1a-8df5-d5b40073cc07.png?itok=4ttJXZ-8,Stern Walkway (across from PJ's on Freret),2025-08-21T10:00:00-05:00,Aug,21,Thu
Global Scholars Welcome Week Tabling,https://events.tulane.edu/content/global-scholars-welcome-week-tabling,,1st Floor Lobby (Tidewater Bldg),2025-08-21T12:00:00-05:00,Aug,21,Thu
Coffee & Conversation: New Orleans Knowledge,https://events.tulane.edu/content/coffee-conversation-new-orleans-knowledge,https://events.tulane.edu/sites/default/files/styles/scale_and_crop_266x200/public/images/events/7c7bb706-1ffa-4c60-9431-5885b12952f3c5268506-fab1-4680-833d-b1c09bd010af.png?itok=-3nbyRPa,Conference Room - 6901 Willow Street,2025-08-21T15:30:00-05:00,Aug,21,Thu
Common Ground Weekly Worship,https://events.tulane.edu/content/common-ground-weekly-worship,https://events.tulane.edu/sites/default/files/styles/scale_and_crop_266x200/public/images/events/d7a2503c-0574-4cb1-913d-5b03da5158fbd39a8311-6750-4ef7-88f7-763912a6ec45.png?itok=ia0Lt2Y1,BCM Building,2025-08-21T19:00:00-05:00,Aug,21,Thu
Get to Know Chi Alpha,https://events.tulane.edu/content/get-know-chi-alpha-0,https://events.tulane.edu/sites/default/files/styles/scale_and_crop_266x200/public/images/events/de9529bb-a1d1-4b26-8406-2a974011badde6684170-1f96-4271-87f1-b420b85e03e1.png?itok=egJxsRfD,LBC - Financial Spot,2025-08-21T19:30:00-05:00,Aug,21,Thu
Pub Trivia in The Rat,https://events.tulane.edu/content/pub-trivia-rat,https://events.tulane.edu/sites/default/files/styles/scale_and_crop_266x200/public/images/events/874b5b9a-fe9a-4afe-817a-b64cb1565f127b134d7e-6546-49af-934e-f0a11f7738e0.png?itok=17Hudz8i,LBC - The Rat,2025-08-21T20:00:00-05:00,Aug,21,Thu
Fridays at Hillel,https://events.tulane.edu/content/fridays-hillel-41,https://events.tulane.edu/sites/default/files/styles/scale_and_crop_266x200/public/images/events/93c2942c-52cf-4d8c-a40c-29c826a81d9e5159d693-4fc1-47d6-ab54-3a0c2be5daa6.png?itok=lDm3ffsq,Tulane Hillel,2025-08-22T12:00:00-05:00,Aug,22,Fri
Tulane Hillel Tabling On McAlister,https://events.tulane.edu/content/tulane-hillel-tabling-mcalister-5,https://events.tulane.edu/sites/default/files/styles/scale_and_crop_266x200/public/images/events/c854018c-08fc-4632-8511-37461441f99986c75efa-ca98-4f5a-853d-e5add35bce25.png?itok=hvcmAu_T,McAlister Way,2025-08-22T12:00:00-05:00,Aug,22,Fri
2025 WSPH Emergency Preparedness Presentation,https://events.tulane.edu/content/2025-wsph-emergency-preparedness-presentation,,RM 1210 (Tidewater Bldg),2025-08-22T12:00:00-05:00,Aug,22,Fri
Shatter The Red Zone,https://events.tulane.edu/content/shatter-red-zone,https://events.tulane.edu/sites/default/files/styles/scale_and_crop_266x200/public/images/events/85c7464d-c238-4e86-a4c1-eb474f5161ee62dd91c1-de2c-454c-ad2c-bcf62447a342.png?itok=WV1drilF,McAlister Ave.,2025-08-22T15:00:00-05:00,Aug,22,Fri
Arts & Crafts!,https://events.tulane.edu/content/arts-crafts-17,https://events.tulane.edu/sites/default/files/styles/scale_and_crop_266x200/public/images/events/053bceea-d4ab-4b03-9b86-8a9fc2e0ac9fb7e066b2-9326-45a6-b2e3-5096f251168a.png?itok=JWMq5idI,Tulane Hillel,2025-08-22T18:00:00-05:00,Aug,22,Fri
Shabbat Services and Dinner,https://events.tulane.edu/content/shabbat-services-and-dinner-15,https://events.tulane.edu/sites/default/files/styles/scale_and_crop_266x200/public/images/events/ad61a820-5b84-4169-a83d-528f9345566879272d92-d935-4552-ab8a-e9abd6bc022a.png?itok=f9Eq8yfH,Tulane Hillel,2025-08-22T18:30:00-05:00,Aug,22,Fri
Welcome Back Cookout,https://events.tulane.edu/content/welcome-back-cookout,https://events.tulane.edu/sites/default/files/styles/scale_and_crop_266x200/public/images/events/912fe76c-9b38-454e-862a-a982a2c0170b4b079c0d-71c3-461a-811f-86629868bd9a.png?itok=iFnwNvOa,BCM House,2025-08-22T19:00:00-05:00,Aug,22,Fri
WSPH SGA Back to School Bowling,https://events.tulane.edu/content/wsph-sga-back-school-bowling,,Fulton Alley,2025-08-22T19:00:00-05:00,Aug,22,Fri
Karaoke in The Rat,https://events.tulane.edu/content/karaoke-rat,https://events.tulane.edu/sites/default/files/styles/scale_and_crop_266x200/public/images/events/dc5bd483-3624-442f-a0be-0314c5902c38d8dec842-635f-418c-b5c3-e970e5d098cd.png?itok=J-VfDq5r,LBC - The Rat,2025-08-22T20:00:00-05:00,Aug,22,Fri
LBC Movie Night in the Village Theater | Lilo & Stitch (2025),https://events.tulane.edu/content/lbc-movie-night-village-theater-lilo-stitch-2025,https://events.tulane.edu/sites/default/files/styles/scale_and_crop_266x200/public/images/events/7c288c40-a7a6-4b8d-90bc-c69119294033c1f5edf0-a24e-4ab5-84b2-11096773ba8c.png?itok=LxCKG0Yl,The Village Theater (Room 150),2025-08-23T20:00:00-05:00,Aug,23,Sat
Student Employment: Fall 2025 Student Part-Time Job Fair,https://events.tulane.edu/content/student-employment-fall-2025-student-part-time-job-fair,https://events.tulane.edu/sites/default/files/styles/scale_and_crop_266x200/public/images/events/ab351c93-83a3-4149-affb-55ae5de631845320fa9a-5b96-46cf-bdee-ee30946bbcea.png?itok=Zn-sjTvC,LBC Second Floor,2025-08-25T10:00:00-05:00,Aug,25,Mon
Navigating WSPH: Part 1,https://events.tulane.edu/content/navigating-wsph-part-1,,Tidewater Room 1206,2025-08-25T12:00:00-05:00,Aug,25,Mon
PHDS Welcome Week Tabling,https://events.tulane.edu/content/phds-welcome-week-tabling,,1st Floor Lobby (Tidewater Bldg),2025-08-25T12:00:00-05:00,Aug,25,Mon
Academic Training Info Session for J-1 Students,https://events.tulane.edu/content/academic-training-info-session-j-1-students-1,https://events.tulane.edu/sites/default/files/styles/scale_and_crop_266x200/public/images/events/b9966136-47e6-448c-8a21-a9ee1fa8aa3acd62ee4c-accc-4ec4-a54a-cfcfec0a5335.png?itok=SxAfDJb3,Online,2025-08-25T12:00:00-05:00,Aug,25,Mon
Afternoon Coffee and Tea hosted by Chi Alpha,https://events.tulane.edu/content/afternoon-coffee-and-tea-hosted-chi-alpha-15,https://events.tulane.edu/sites/default/files/styles/scale_and_crop_266x200/public/images/events/3bf3e883-3fbc-4385-b396-b65226b4b6c50721254f-11cc-423a-8d64-53a1f1c385c5.png?itok=GjVfO6O-,The Garage space in the Hub @ Lake Dorm,2025-08-25T15:00:00-05:00,Aug,25,Mon
NPHC's Guide to Tulane,https://events.tulane.edu/content/nphcs-guide-tulane,https://events.tulane.edu/sites/default/files/styles/scale_and_crop_266x200/public/images/events/868121c5-f2d7-4945-9905-640b6528485e289b6df7-4cda-4569-b9d8-6072e3bf58e5.png?itok=BkTtjiq-,LBC - 1834 Lounge,2025-08-25T19:00:00-05:00,Aug,25,Mon
Tulane Tuesday | Succulents,https://events.tulane.edu/content/tulane-tuesday-succulents-0,https://events.tulane.edu/sites/default/files/styles/scale_and_crop_266x200/public/images/events/e4ad4ed9-1fed-4b70-95b8-a240db4684c0a5c362b7-6b1e-4ee1-b4f5-b28ef5d857dd.png?itok=jgc7t3h7,"LBC - 1st Floor, Main Hallway",2025-08-26T11:00:00-05:00,Aug,26,Tue
Sexual Health Pop Up,https://events.tulane.edu/content/sexual-health-pop-3,https://events.tulane.edu/sites/default/files/styles/scale_and_crop_266x200/public/images/events/1dccd211-62fe-4a3c-91bf-dc3ec5c9718c45d359fa-bc56-43e1-b206-b8d26bb3b688.png?itok=SPqFbv3y,Tidewater Building,2025-08-26T12:00:00-05:00,Aug,26,Tue
SSHARE Welcome Week Tabling,https://events.tulane.edu/content/sshare-welcome-week-tabling,,1st Floor Lobby (Tidewater Bldg),2025-08-26T12:00:00-05:00,Aug,26,Tue
Global Cafe Fall 2025 Series,https://events.tulane.edu/content/global-cafe-fall-2025-series-1,https://events.tulane.edu/sites/default/files/styles/scale_and_crop_266x200/public/images/events/4fc1166f-9cf1-48f0-975e-c1bd6dccea9a209ab4bc-dfea-446b-91b7-cc63d2f533e5.png?itok=nHpwc87p,"Rosenberg Mezzanine, LBC",2025-08-26T14:00:00-05:00,Aug,26,Tue
Study Abroad in Argentina with IFSA,https://events.tulane.edu/content/study-abroad-argentina-ifsa,https://events.tulane.edu/sites/default/files/styles/scale_and_crop_266x200/public/images/events/d2a38658-2158-44f6-bd44-71713c36acf064d62880-478f-4cb2-81f4-fb23d78e8f65.png?itok=5PvVql58,Online,2025-08-26T16:00:00-05:00,Aug,26,Tue
Venture Funding Basics (Part 1) Webinar,https://events.tulane.edu/content/venture-funding-basics-part-1-webinar,https://events.tulane.edu/sites/default/files/styles/scale_and_crop_266x200/public/images/events/240576c0-eba6-4fb1-a358-0311c371e158a4e31752-d471-4ed3-8da5-8c36a681870a.png?itok=-7pQQg5R,Online,2025-08-27T11:00:00-05:00,Aug,27,Wed
Tulane Hillel Tabling on McAlister!,https://events.tulane.edu/content/tulane-hillel-tabling-mcalister-4,https://events.tulane.edu/sites/default/files/styles/scale_and_crop_266x200/public/images/events/731b3d7f-bd8a-4b06-b055-352debecb63a7935fb27-01dc-4389-971a-b198c297cec4.png?itok=GPwY7AiK,McAlister Way,2025-08-27T12:00:00-05:00,Aug,27,Wed
Holistic Wellness Welcome: Mid-week Sound Bath,https://events.tulane.edu/content/holistic-wellness-welcome-mid-week-sound-bath,,Diboll Mind-Body Studio,2025-08-27T12:00:00-05:00,Aug,27,Wed
HMSLA Welcome Week Tabling,https://events.tulane.edu/content/hmsla-welcome-week-tabling,,1st Floor Lobby (Tidewater Bldg),2025-08-27T12:00:00-05:00,Aug,27,Wed
Mindfulness Meet Ups for Faculty and Staff,https://events.tulane.edu/content/mindfulness-meet-ups-faculty-and-staff-0,https://events.tulane.edu/sites/default/files/styles/scale_and_crop_266x200/public/images/events/7be9bccf-8212-4b50-b0f7-00893f2f964ff23c09dc-4514-4d5a-9d0f-3d26c8020c8f.png?itok=BmeDT1KB,LBC 209,2025-08-27T12:00:00-05:00,Aug,27,Wed
Turning the Tide: Weathering Katrina,https://events.tulane.edu/content/turning-tide-weathering-katrina,https://events.tulane.edu/sites/default/files/styles/scale_and_crop_266x200/public/images/events/9075c542-a1a6-460b-b7b9-e4f10d5d7771b7812881-dde9-4381-b8fc-021a0925091b.png?itok=XpSDqvnK,Tulane University Celia Scott Weatherhead School of Public Health and Tropical Medicine - Diboll Auditorium,2025-08-27T17:30:00-05:00,Aug,27,Wed
Sexual Health Pop Up,https://events.tulane.edu/content/sexual-health-pop-0,https://events.tulane.edu/sites/default/files/styles/scale_and_crop_266x200/public/images/events/2bfd7aa1-f243-48a1-b003-a576ce7d346b6c9fb403-11c3-4a4e-991b-f42b000262f1.png?itok=fAa9CA7I,McAlister Ave.,2025-08-28T12:00:00-05:00,Aug,28,Thu
SALUD Welcome Week Tabling,https://events.tulane.edu/content/salud-welcome-week-tabling,,1st Floor Lobby (Tidewater Bldg),2025-08-28T12:00:00-05:00,Aug,28,Thu
Coffee & Conversation: Puzzle Me This,https://events.tulane.edu/content/coffee-conversation-puzzle-me,https://events.tulane.edu/sites/default/files/styles/scale_and_crop_266x200/public/images/events/dd7209d3-2842-42af-94f9-fec7bcdaff86e9fd7f26-74ab-4333-be7c-7976f07edeb2.png?itok=zdDpeFGd,1440 Canal Street - First Floor Student Lounge,2025-08-28T12:00:00-05:00,Aug,28,Thu
Shatter The Red Zone,https://events.tulane.edu/content/shatter-red-zone-0,https://events.tulane.edu/sites/default/files/styles/scale_and_crop_266x200/public/images/events/85c7464d-c238-4e86-a4c1-eb474f5161ee62dd91c1-de2c-454c-ad2c-bcf62447a342.png?itok=WV1drilF,McAlister Ave.,2025-08-28T15:00:00-05:00,Aug,28,Thu
Katrina 20th Anniversary,https://events.tulane.edu/content/katrina-20th-anniversary,,"Kendall Cram, Lavin-Bernick Center for University Life",2025-08-28T16:00:00-05:00,Aug,28,Thu
Opening reception for On Display: a Twenty-First Century Salon des Refus√©s,https://events.tulane.edu/content/opening-reception-display-twenty-first-century-salon-des-refuses,https://events.tulane.edu/sites/default/files/styles/scale_and_crop_266x200/public/images/events/54f5398a-f912-4bb3-8198-cd24e1dd07a8fc2119f7-eba5-4880-bd89-fc754c18cb7c.png?itok=pGvZKRLG,"Stone Auditorium and Carroll Gallery - Newcomb Art Department, Tulane University",2025-08-28T17:00:00-05:00,Aug,28,Thu
HPAM Fall 2025 Bocce Ball Welcome Back Event,https://events.tulane.edu/content/hpam-fall-2025-bocce-ball-welcome-back-event,,Italian American Bocce Club of Greater New Orleans,2025-08-28T17:30:00-05:00,Aug,28,Thu
Fridays at Hillel,https://events.tulane.edu/content/fridays-hillel-42,https://events.tulane.edu/sites/default/files/styles/scale_and_crop_266x200/public/images/events/93c2942c-52cf-4d8c-a40c-29c826a81d9e5159d693-4fc1-47d6-ab54-3a0c2be5daa6.png?itok=lDm3ffsq,Tulane Hillel,2025-08-29T12:00:00-05:00,Aug,29,Fri
Fridays at Newcomb: ‚Äú'Framing Reproductive Health Policy in a Highly Constrained Political Environment‚Äù,https://events.tulane.edu/content/fridays-newcomb-framing-reproductive-health-policy-highly-constrained-political-environment,https://events.tulane.edu/sites/default/files/styles/scale_and_crop_266x200/public/images/events/cddf280f-a50b-44af-98ae-855ab77e426cf9aa8e18-2d2e-45dd-a941-e8d5abd5d080.png?itok=sjTUOZIw,Diboll Gallery,2025-08-29T12:00:00-05:00,Aug,29,Fri
SOCIETY Welcome Week Tabling,https://events.tulane.edu/content/society-welcome-week-tabling,,1st Floor Lobby (Tidewater Bldg),2025-08-29T12:00:00-05:00,Aug,29,Fri
Arts & Crafts!,https://events.tulane.edu/content/arts-crafts-18,https://events.tulane.edu/sites/default/files/styles/scale_and_crop_266x200/public/images/events/053bceea-d4ab-4b03-9b86-8a9fc2e0ac9fb7e066b2-9326-45a6-b2e3-5096f251168a.png?itok=JWMq5idI,Tulane Hillel,2025-08-29T18:00:00-05:00,Aug,29,Fri
Shabbat Services and Dinner,https://events.tulane.edu/content/shabbat-services-and-dinner-16,https://events.tulane.edu/sites/default/files/styles/scale_and_crop_266x200/public/images/events/ad61a820-5b84-4169-a83d-528f9345566879272d92-d935-4552-ab8a-e9abd6bc022a.png?itok=f9Eq8yfH,Tulane Hillel,2025-08-29T18:30:00-05:00,Aug,29,Fri
Karaoke in The Rat,https://events.tulane.edu/content/karaoke-rat-0,https://events.tulane.edu/sites/default/files/styles/scale_and_crop_266x200/public/images/events/286f68ea-8d69-419a-aff8-53de2d04780c84e14672-f2b6-40a0-b050-7c2466575084.png?itok=sS6sM4Qm,LBC - The Rat,2025-08-29T20:00:00-05:00,Aug,29,Fri
LBC Movie Night in the Village Theater | Transformers One (2024),https://events.tulane.edu/content/lbc-movie-night-village-theater-transformers-one-2024,https://events.tulane.edu/sites/default/files/styles/scale_and_crop_266x200/public/images/events/44e9ff63-bbe0-490c-a88e-ee896b984a04d6dee5b9-f97b-4ee6-8a91-18c5ae3b3105.png?itok=yWSu2jfo,The Village Theater (Room 150),2025-08-30T20:00:00-05:00,Aug,30,Sat
Tulane Tuesday | Life Saver Donuts,https://events.tulane.edu/content/tulane-tuesday-life-saver-donuts-0,https://events.tulane.edu/sites/default/files/styles/scale_and_crop_266x200/public/images/events/a88296d6-1aae-4a21-9f9a-5aa0d2f7faac4d52f173-7760-4824-9485-f85b5ef56d1d.png?itok=pJtQUqZS,"LBC - 1st Floor, Main Hallway",2025-09-02T11:00:00-05:00,Sep,2,Tue
Sexual Health Pop Up,https://events.tulane.edu/content/sexual-health-pop-2,https://events.tulane.edu/sites/default/files/styles/scale_and_crop_266x200/public/images/events/ab8929de-ab46-4cb1-9998-14cf7a65f2493654e36e-1705-42d0-9d55-84f8fcaccd04.png?itok=sFjkWkqj,Tidewater Building,2025-09-02T12:00:00-05:00,Sep,2,Tue
Study Abroad Weekly Info Session: 202 -- How to Study Abroad,https://events.tulane.edu/content/study-abroad-weekly-info-session-202-how-study-abroad-19,https://events.tulane.edu/sites/default/files/styles/scale_and_crop_266x200/public/images/events/32995ed8-8fa9-4091-bb5e-76e60ef6363f76208364-fdeb-4bf7-9d86-b24a08afe9af.png?itok=wpgpimfx,LBC Rechler 202,2025-09-02T13:30:00-05:00,Sep,2,Tue
Global Cafe Fall 2025 Series,https://events.tulane.edu/content/global-cafe-fall-2025-series-2,https://events.tulane.edu/sites/default/files/styles/scale_and_crop_266x200/public/images/events/4fc1166f-9cf1-48f0-975e-c1bd6dccea9a209ab4bc-dfea-446b-91b7-cc63d2f533e5.png?itok=nHpwc87p,"Rosenberg Mezzanine, LBC",2025-09-02T14:00:00-05:00,Sep,2,Tue
ü•ä Knockout Negativity: A Boxing Demo for Mental Strength & Well-Being,https://events.tulane.edu/content/knockout-negativity-boxing-demo-mental-strength-well-being,https://events.tulane.edu/sites/default/files/styles/scale_and_crop_266x200/public/images/events/ee35b98e-2c04-4376-8fdf-00505bf6a0a1b83efecf-5b3a-4202-ab76-d83bb85b78ff.png?itok=52_cAZtr,"Atrium, Reily Student Recreation Center",2025-09-02T17:30:00-05:00,Sep,2,Tue
Mindfulness Meet Ups for Faculty and Staff,https://events.tulane.edu/content/mindfulness-meet-ups-faculty-and-staff-1,https://events.tulane.edu/sites/default/files/styles/scale_and_crop_266x200/public/images/events/7be9bccf-8212-4b50-b0f7-00893f2f964ff23c09dc-4514-4d5a-9d0f-3d26c8020c8f.png?itok=BmeDT1KB,LBC 209,2025-09-03T12:00:00-05:00,Sep,3,Wed
Tulane Hillel Tabling on McAlister!,https://events.tulane.edu/content/tulane-hillel-tabling-mcalister-3,https://events.tulane.edu/sites/default/files/styles/scale_and_crop_266x200/public/images/events/6068edc9-8719-4ae8-a7f2-12efafe25c4087a1b148-8d4a-43e0-86ba-00057e0c4cac.png?itok=PAmLvTck,McAlister Way,2025-09-03T14:00:00-05:00,Sep,3,Wed
CGSA Departmental Meeting,https://events.tulane.edu/content/cgsa-departmental-meeting-8,,Percival Stern Room 5039,2025-09-03T17:00:00-05:00,Sep,3,Wed
OFSP Presidents' Current,https://events.tulane.edu/content/ofsp-presidents-current,,LBC #203 - Stibbs,2025-09-03T18:00:00-05:00,Sep,3,Wed
ISHLA Game Nigh t,https://events.tulane.edu/content/ishla-game-nigh-t,https://events.tulane.edu/sites/default/files/styles/scale_and_crop_266x200/public/images/events/1b7833aa-0703-44ff-9beb-6d9f4b4584e830ae356e-3569-4dca-a9b6-c4baafe1c546.png?itok=OVN4gvxn,Rosenberg Mezzanine,2025-09-03T18:00:00-05:00,Sep,3,Wed
NPHC Meet the Greeks,https://events.tulane.edu/content/nphc-meet-greeks-4,https://events.tulane.edu/sites/default/files/styles/scale_and_crop_266x200/public/images/events/7bd1d451-e760-4b25-a22e-599a21b43a2387cf902f-153e-491d-8efa-26b0e9eec980.png?itok=nCG0eS2g,LBC #201 - Race,2025-09-03T19:00:00-05:00,Sep,3,Wed
NPHC Meet the Greeks,https://events.tulane.edu/content/nphc-meet-greeks-2,https://events.tulane.edu/sites/default/files/styles/scale_and_crop_266x200/public/images/events/192c019b-37a7-4a03-8d82-6a5a97a5d25f2641041d-c3f8-477e-b8ad-25dacfdc4e60.png?itok=i8Qyemp1,LBC #201 - Race,2025-09-03T19:00:00-05:00,Sep,3,Wed
Volleyball Promotional Day,https://events.tulane.edu/content/volleyball-promotional-day,https://events.tulane.edu/sites/default/files/styles/scale_and_crop_266x200/public/images/events/284f6f03-738e-4dc5-b57e-aeb7880ef40c7996fac8-7542-4cd8-84f5-0c953c078662.png?itok=1a0h_8uF,Outside of McAlister Auditorium,2025-09-04T09:00:00-05:00,Sep,4,Thu
Employee Resource Fair,https://events.tulane.edu/content/employee-resource-fair,https://events.tulane.edu/sites/default/files/styles/scale_and_crop_266x200/public/images/events/5bdefc89-257e-47d5-ae8b-17f0ec6b67d68223a95c-9641-4980-aa8c-e745a494dc03.png?itok=91aD5uYW,"Kendall Cram and Qatar Ballrooms, 2nd floor of the LBC",2025-09-04T10:00:00-05:00,Sep,4,Thu
The Green Bandana Project + QPR Workshop,https://events.tulane.edu/content/green-bandana-project-qpr-workshop-2,https://events.tulane.edu/sites/default/files/styles/scale_and_crop_266x200/public/images/events/d3f6a333-4de3-4109-93ef-bd929fb8cae1ef0e3d1e-39db-4f17-b190-9f1b5c834e12.png?itok=-5tUbxtO,LBC 208,2025-09-04T15:00:00-05:00,Sep,4,Thu
Coffee & Conversation: Beignets and Board Games,https://events.tulane.edu/content/coffee-conversation-beignets-and-board-games,https://events.tulane.edu/sites/default/files/styles/scale_and_crop_266x200/public/images/events/81a1fd3c-c2d9-4081-b779-62fd964d019799e6b4ed-5ade-4d0e-b6bb-4cc70186e554.png?itok=OW1xwmkV,Conference Room - 6901 Willow Street,2025-09-04T15:30:00-05:00,Sep,4,Thu
Join The Hullabaloo! Introductory meeting for interested students,https://events.tulane.edu/content/join-hullabaloo-introductory-meeting-interested-students-0,https://events.tulane.edu/sites/default/files/styles/scale_and_crop_266x200/public/images/events/c70ce552-e6a4-4099-b90b-87180676f45f0e51b6bd-5e50-4b77-965e-63e17f41fb7a.png?itok=QFMwt7Va,Rogers Memorial Chapel,2025-09-04T18:00:00-05:00,Sep,4,Thu
NPHC Meet the Greeks,https://events.tulane.edu/content/nphc-meet-greeks-5,https://events.tulane.edu/sites/default/files/styles/scale_and_crop_266x200/public/images/events/7bd1d451-e760-4b25-a22e-599a21b43a2387cf902f-153e-491d-8efa-26b0e9eec980.png?itok=nCG0eS2g,LBC #203 - Stibbs,2025-09-04T19:00:00-05:00,Sep,4,Thu
NPHC Meet the Greeks,https://events.tulane.edu/content/nphc-meet-greeks-5,https://events.tulane.edu/sites/default/files/styles/scale_and_crop_266x200/public/images/events/7bd1d451-e760-4b25-a22e-599a21b43a2387cf902f-153e-491d-8efa-26b0e9eec980.png?itok=nCG0eS2g,LBC #203 - Stibbs,2025-09-04T19:00:00-05:00,Sep,4,Thu
Demystifying AI in Public Health Symposium,https://events.tulane.edu/content/demystifying-ai-public-health-symposium,https://events.tulane.edu/sites/default/files/styles/scale_and_crop_266x200/public/images/events/ed678026-23c3-4f17-950c-55214b176f111ec3d058-0f01-4504-a0a4-46ee618cda3f.png?itok=cJs2Pt2K,Celia Scott Weatherhead School of Public Health and Tropical Medicine - Diboll Auditorium,2025-09-05T09:00:00-05:00,Sep,5,Fri
Study Abroad Walk-in Advising,https://events.tulane.edu/content/study-abroad-walk-advising-5,https://events.tulane.edu/sites/default/files/styles/scale_and_crop_266x200/public/images/events/7c428dcb-5a06-40aa-bd91-551bc1f15597583df544-591e-4e33-9dfd-af283cfe85c1.png?itok=EyUfJavC,LBC Mezzanine,2025-09-05T10:00:00-05:00,Sep,5,Fri
Front Porch Friday,https://events.tulane.edu/content/front-porch-friday-11,https://events.tulane.edu/sites/default/files/styles/scale_and_crop_266x200/public/images/events/44fd4252-54f3-4a50-94aa-2ddb41fc5e09638cf183-587e-47dd-a68c-a04d945cb826.png?itok=02PDDHLe,Warner Patio (near Cudd Hall),2025-09-05T10:30:00-05:00,Sep,5,Fri
Positively Blooming - TUgether for Mental Health,https://events.tulane.edu/content/positively-blooming-tugether-mental-health,https://events.tulane.edu/sites/default/files/styles/scale_and_crop_266x200/public/images/events/aabf16a4-2e00-4e1c-bc91-f2547e2682629408fa84-b297-4975-afea-d156eaa3e9b7.png?itok=OvKU1FIT,McAlister Walkway,2025-09-05T11:30:00-05:00,Sep,5,Fri
Fridays at Hillel,https://events.tulane.edu/content/fridays-hillel-43,https://events.tulane.edu/sites/default/files/styles/scale_and_crop_266x200/public/images/events/93c2942c-52cf-4d8c-a40c-29c826a81d9e5159d693-4fc1-47d6-ab54-3a0c2be5daa6.png?itok=lDm3ffsq,Tulane Hillel,2025-09-05T12:00:00-05:00,Sep,5,Fri
Fridays at Newcomb: ‚ÄúShamed‚Äù,https://events.tulane.edu/content/fridays-newcomb-shamed,https://events.tulane.edu/sites/default/files/styles/scale_and_crop_266x200/public/images/events/5411ddc3-cc82-4d8d-b831-5aacfad368e8d7254ecf-9ebc-45f4-8a38-7bd8a17bd005.png?itok=7T0-jzV_,Diboll Gallery,2025-09-05T12:00:00-05:00,Sep,5,Fri
Shatter The Red Zone,https://events.tulane.edu/content/shatter-red-zone-1,https://events.tulane.edu/sites/default/files/styles/scale_and_crop_266x200/public/images/events/85c7464d-c238-4e86-a4c1-eb474f5161ee62dd91c1-de2c-454c-ad2c-bcf62447a342.png?itok=WV1drilF,McAlister Ave.,2025-09-05T15:00:00-05:00,Sep,5,Fri
Arts & Crafts!,https://events.tulane.edu/content/arts-crafts-15,https://events.tulane.edu/sites/default/files/styles/scale_and_crop_266x200/public/images/events/5f32fc40-d206-4d9d-a066-0a3f304c1422413568bb-4b5e-40d7-bbf3-9f24a8bc8c3e.png?itok=3AOlpE69,Tulane Hillel,2025-09-05T18:00:00-05:00,Sep,5,Fri
Arts & Crafts!,https://events.tulane.edu/content/arts-crafts-19,https://events.tulane.edu/sites/default/files/styles/scale_and_crop_266x200/public/images/events/053bceea-d4ab-4b03-9b86-8a9fc2e0ac9fb7e066b2-9326-45a6-b2e3-5096f251168a.png?itok=JWMq5idI,Tulane Hillel,2025-09-05T18:00:00-05:00,Sep,5,Fri
Shabbat Services and Dinner,https://events.tulane.edu/content/shabbat-services-and-dinner-17,https://events.tulane.edu/sites/default/files/styles/scale_and_crop_266x200/public/images/events/ad61a820-5b84-4169-a83d-528f9345566879272d92-d935-4552-ab8a-e9abd6bc022a.png?itok=f9Eq8yfH,Tulane Hillel,2025-09-05T18:30:00-05:00,Sep,5,Fri
Homesickness: Fostering Connection & Community,https://events.tulane.edu/content/homesickness-fostering-connection-community-0,https://events.tulane.edu/sites/default/files/styles/scale_and_crop_266x200/public/images/events/e2001a7f-5187-486c-b614-2edacfebbb8e77adff14-2e47-4bfd-bc17-8936bf75739f.png?itok=NTsj7uq2,Tidewater 1206,2025-09-08T12:00:00-05:00,Sep,8,Mon
Afternoon Coffee and Tea hosted by Chi Alpha,https://events.tulane.edu/content/afternoon-coffee-and-tea-hosted-chi-alpha-16,https://events.tulane.edu/sites/default/files/styles/scale_and_crop_266x200/public/images/events/3bf3e883-3fbc-4385-b396-b65226b4b6c50721254f-11cc-423a-8d64-53a1f1c385c5.png?itok=GjVfO6O-,The Garage space in the Hub @ Lake Dorm,2025-09-08T15:00:00-05:00,Sep,8,Mon
Study Abroad Walk-in Advising,https://events.tulane.edu/content/study-abroad-walk-advising-6,https://events.tulane.edu/sites/default/files/styles/scale_and_crop_266x200/public/images/events/b6d5605c-3995-4d7d-aa03-54c7abeb434658825f4d-435a-4b37-80d9-d5440498868b.png?itok=1me-dZBc,LBC Booth #5,2025-09-09T10:30:00-05:00,Sep,9,Tue
Tulane Tuesday | Postcards for Family & Friends,https://events.tulane.edu/content/tulane-tuesday-postcards-family-friends-0,https://events.tulane.edu/sites/default/files/styles/scale_and_crop_266x200/public/images/events/0d8ad036-e974-4be3-b653-9f791d60f63ca38d3344-3de3-41e8-8ca4-ee6d53c661c0.png?itok=ryu5PQ64,"LBC - 1st Floor, Main Hallway",2025-09-09T11:00:00-05:00,Sep,9,Tue
Global Cafe Fall 2025 Series,https://events.tulane.edu/content/global-cafe-fall-2025-series,https://events.tulane.edu/sites/default/files/styles/scale_and_crop_266x200/public/images/events/1cfe0a9b-7fe6-4891-8798-395ca6bda2ebae6333da-6295-4f66-a67b-252eeca415ea.png?itok=7SRTKExt,Rosenberg Mezzanine,2025-09-09T14:00:00-05:00,Sep,9,Tue
Vision Board Making with TWN!!,https://events.tulane.edu/content/vision-board-making-twn,https://events.tulane.edu/sites/default/files/styles/scale_and_crop_266x200/public/images/events/0f610d4c-8791-4dc9-82cf-07f4d36f362b90da204b-13ba-44ad-b507-3894b012aeaa.png?itok=Tkv_-KU5,Pocket Park,2025-09-09T15:00:00-05:00,Sep,9,Tue
Wave of Support Leadership Academy Info Session,https://events.tulane.edu/content/wave-support-leadership-academy-info-session,https://events.tulane.edu/sites/default/files/styles/scale_and_crop_266x200/public/images/events/e99d919c-1a08-49bf-be72-c5a261d233e6de2870c8-da39-4e78-b3f8-ca0a077a3568.png?itok=sUnAuKvS,Cudd Hall 203,2025-09-09T15:30:00-05:00,Sep,9,Tue
Recruitment,https://events.tulane.edu/content/recruitment-1,https://events.tulane.edu/sites/default/files/styles/scale_and_crop_266x200/public/images/events/703c3c01-4b6f-4ca6-8e30-6e88a0e8e6af236aaf6f-7a2a-4d7b-8e91-ba736d70e3bc.png?itok=rhA_wYFl,Rogers Memorial Chapel,2025-09-09T19:00:00-05:00,Sep,9,Tue
Venture Funding Basics (Part 2) Webinar,https://events.tulane.edu/content/venture-funding-basics-part-2-webinar,https://events.tulane.edu/sites/default/files/styles/scale_and_crop_266x200/public/images/events/1abc803e-fe00-48aa-a931-e7816d839d2da3dcdc86-284c-4247-ac1f-fe354eaf4586.png?itok=Tx78UXlu,Online,2025-09-10T11:00:00-05:00,Sep,10,Wed
World Suicide Prevention Day Tabling,https://events.tulane.edu/content/world-suicide-prevention-day-tabling,https://events.tulane.edu/sites/default/files/styles/scale_and_crop_266x200/public/images/events/f6032791-2c3d-4e8b-83c2-286d333a7dc8d2b0fde2-8215-4620-bc4e-9a6ae0123a27.png?itok=ZMIi-2Jf,McAlister Walkway,2025-09-10T11:00:00-05:00,Sep,10,Wed
Sexual Health Pop Up,https://events.tulane.edu/content/sexual-health-pop-1,https://events.tulane.edu/sites/default/files/styles/scale_and_crop_266x200/public/images/events/b73a15b6-e5da-41a5-89e9-2fa68e7bb8921cf92c91-4c2f-4303-b001-7bbe67d4700a.png?itok=DOnbSm7k,McAlister Ave.,2025-09-10T12:00:00-05:00,Sep,10,Wed
Academic Writing Series,https://events.tulane.edu/content/academic-writing-series-2,https://events.tulane.edu/sites/default/files/styles/scale_and_crop_266x200/public/images/events/9f5a754b-64a8-4188-b82c-3bdc43912edc784e817a-daf2-4948-ba15-210fc1f59e52.png?itok=j0Tj4jj-,School of Public Health and Tropical Medicine,2025-09-10T12:00:00-05:00,Sep,10,Wed
Recruitment,https://events.tulane.edu/content/recruitment-0,https://events.tulane.edu/sites/default/files/styles/scale_and_crop_266x200/public/images/events/4180dd00-f85f-4493-b8ff-267fad0b12621a633a28-6778-400f-aa1a-995f03e10361.png?itok=d5DQ4W45,Rogers Memorial Chapel,2025-09-10T19:00:00-05:00,Sep,10,Wed
Opening  Reception for Tulane Special Collections new Exhibition,https://events.tulane.edu/content/opening-reception-tulane-special-collections-new-exhibition,https://events.tulane.edu/sites/default/files/styles/scale_and_crop_266x200/public/images/events/ec995f9b-2c2b-4810-b074-eaae996ca44e81156b1e-38ad-4121-b9c8-9e4d16417478.png?itok=bXT6ITXL,Joseph Merrick Jones Hall,2025-09-11T11:00:00-05:00,Sep,11,Thu
Virtual Deans Hour,https://events.tulane.edu/content/virtual-deans-hour-5,,Online,2025-09-11T16:30:00-05:00,Sep,11,Thu
Recruitment,https://events.tulane.edu/content/recruitment,https://events.tulane.edu/sites/default/files/styles/scale_and_crop_266x200/public/images/events/a0267c4c-5bf4-4f7d-92a4-fb45fc70e3f808c4e38f-f39a-4b8d-8784-77c377c79231.png?itok=juoEMsk4,Rogers Memorial Chapel,2025-09-11T19:00:00-05:00,Sep,11,Thu
Positively Blooming - TUgether for Mental Health,https://events.tulane.edu/content/positively-blooming-tugether-mental-health-0,https://events.tulane.edu/sites/default/files/styles/scale_and_crop_266x200/public/images/events/aabf16a4-2e00-4e1c-bc91-f2547e2682629408fa84-b297-4975-afea-d156eaa3e9b7.png?itok=OvKU1FIT,McAlister Walkway,2025-09-12T11:30:00-05:00,Sep,12,Fri
Fridays at Hillel,https://events.tulane.edu/content/fridays-hillel-44,https://events.tulane.edu/sites/default/files/styles/scale_and_crop_266x200/public/images/events/93c2942c-52cf-4d8c-a40c-29c826a81d9e5159d693-4fc1-47d6-ab54-3a0c2be5daa6.png?itok=lDm3ffsq,Tulane Hillel,2025-09-12T12:00:00-05:00,Sep,12,Fri
Shatter The Red Zone,https://events.tulane.edu/content/shatter-red-zone-2,https://events.tulane.edu/sites/default/files/styles/scale_and_crop_266x200/public/images/events/85c7464d-c238-4e86-a4c1-eb474f5161ee62dd91c1-de2c-454c-ad2c-bcf62447a342.png?itok=WV1drilF,McAlister Ave.,2025-09-12T15:00:00-05:00,Sep,12,Fri
Arts & Crafts!,https://events.tulane.edu/content/arts-crafts-20,https://events.tulane.edu/sites/default/files/styles/scale_and_crop_266x200/public/images/events/053bceea-d4ab-4b03-9b86-8a9fc2e0ac9fb7e066b2-9326-45a6-b2e3-5096f251168a.png?itok=JWMq5idI,Tulane Hillel,2025-09-12T18:00:00-05:00,Sep,12,Fri
Shabbat Services and Dinner,https://events.tulane.edu/content/shabbat-services-and-dinner-18,https://events.tulane.edu/sites/default/files/styles/scale_and_crop_266x200/public/images/events/ad61a820-5b84-4169-a83d-528f9345566879272d92-d935-4552-ab8a-e9abd6bc022a.png?itok=f9Eq8yfH,Tulane Hillel,2025-09-12T18:30:00-05:00,Sep,12,Fri
Afternoon Coffee and Tea hosted by Chi Alpha,https://events.tulane.edu/content/afternoon-coffee-and-tea-hosted-chi-alpha-17,https://events.tulane.edu/sites/default/files/styles/scale_and_crop_266x200/public/images/events/3bf3e883-3fbc-4385-b396-b65226b4b6c50721254f-11cc-423a-8d64-53a1f1c385c5.png?itok=GjVfO6O-,The Garage space in the Hub @ Lake Dorm,2025-09-15T15:00:00-05:00,Sep,15,Mon
The Green Bandana Project Orientation,https://events.tulane.edu/content/green-bandana-project-orientation-1,https://events.tulane.edu/sites/default/files/styles/scale_and_crop_266x200/public/images/events/4ce5b175-95e7-44b3-8323-d65d4007dd89a42ac2c8-e5f6-4258-88e1-a2c9d8f355c7.png?itok=b87AO58D,LBC 208,2025-09-15T15:30:00-05:00,Sep,15,Mon
CEA Open Sessions: Entering & Creating Communities,https://events.tulane.edu/content/cea-open-sessions-entering-creating-communities,https://events.tulane.edu/sites/default/files/styles/scale_and_crop_266x200/public/images/events/a10f87e5-1f72-4cc4-ac22-240ec4a6cdfd8006d11d-b788-4800-9864-483b542cb1c2.png?itok=waFg33S3,Entering Communities: Part 1,2025-09-15T17:00:00-05:00,Sep,15,Mon
üß†üí™ Mind & Motion: Mental Fitness Challenge + Fitness Screening,https://events.tulane.edu/content/mind-motion-mental-fitness-challenge-fitness-screening,https://events.tulane.edu/sites/default/files/styles/scale_and_crop_266x200/public/images/events/f072c592-03be-48be-8e24-0bfff956c27f9418dde3-65f5-432a-bee1-4c2976b43782.png?itok=O7cCr7B1,"Atrium, Reily Student Recreation Center",2025-09-15T17:00:00-05:00,Sep,15,Mon
CEA Open Sessions: Entering & Creating Communities,https://events.tulane.edu/content/cea-open-sessions-entering-creating-communities-0,https://events.tulane.edu/sites/default/files/styles/scale_and_crop_266x200/public/images/events/a10f87e5-1f72-4cc4-ac22-240ec4a6cdfd8006d11d-b788-4800-9864-483b542cb1c2.png?itok=waFg33S3,Entering Communities: Part 1,2025-09-15T17:00:00-05:00,Sep,15,Mon
SOM Birthday Celebration with the Deans,https://events.tulane.edu/content/som-birthday-celebration-deans-15,,Hutchinson Lobby,2025-09-16T10:00:00-05:00,Sep,16,Tue
Global Cafe Fall 2025 Series,https://events.tulane.edu/content/global-cafe-fall-2025-series-3,https://events.tulane.edu/sites/default/files/styles/scale_and_crop_266x200/public/images/events/4fc1166f-9cf1-48f0-975e-c1bd6dccea9a209ab4bc-dfea-446b-91b7-cc63d2f533e5.png?itok=nHpwc87p,"Rosenberg Mezzanine, LBC",2025-09-16T14:00:00-05:00,Sep,16,Tue
CEA Open Sessions: Entering & Creating Communities,https://events.tulane.edu/content/cea-open-sessions-entering-creating-communities-2,https://events.tulane.edu/sites/default/files/styles/scale_and_crop_266x200/public/images/events/a10f87e5-1f72-4cc4-ac22-240ec4a6cdfd8006d11d-b788-4800-9864-483b542cb1c2.png?itok=waFg33S3,Entering Communities: Working With Youth,2025-09-16T17:00:00-05:00,Sep,16,Tue
CEA Open Sessions: Entering & Creating Communities,https://events.tulane.edu/content/cea-open-sessions-entering-creating-communities-1,https://events.tulane.edu/sites/default/files/styles/scale_and_crop_266x200/public/images/events/a10f87e5-1f72-4cc4-ac22-240ec4a6cdfd8006d11d-b788-4800-9864-483b542cb1c2.png?itok=waFg33S3,Entering Communities: Working With Youth,2025-09-16T17:00:00-05:00,Sep,16,Tue
Cupcakes & Connections,https://events.tulane.edu/content/cupcakes-connections,https://events.tulane.edu/sites/default/files/styles/scale_and_crop_266x200/public/images/events/a50586a9-5320-466f-a84f-7de7a80bd43b444a6f75-3285-4d81-95a6-28e130aa30b9.png?itok=QvA84QTu,McAlister Walkway,2025-09-17T11:00:00-05:00,Sep,17,Wed
Mindfulness Meet Ups for Faculty and Staff,https://events.tulane.edu/content/mindfulness-meet-ups-faculty-and-staff-2,https://events.tulane.edu/sites/default/files/styles/scale_and_crop_266x200/public/images/events/7be9bccf-8212-4b50-b0f7-00893f2f964ff23c09dc-4514-4d5a-9d0f-3d26c8020c8f.png?itok=BmeDT1KB,LBC 209,2025-09-17T12:00:00-05:00,Sep,17,Wed
Tote Bag Making with TWN!!,https://events.tulane.edu/content/tote-bag-making-twn,https://events.tulane.edu/sites/default/files/styles/scale_and_crop_266x200/public/images/events/b777283b-14c4-408d-afae-ab3f9dd5f9772f05219a-53d2-4261-8579-66ea261e265f.png?itok=P1TAyXTh,Pocket Park,2025-09-17T15:00:00-05:00,Sep,17,Wed
OPT Overview Info Session for F-1 Students,https://events.tulane.edu/content/opt-overview-info-session-f-1-students,https://events.tulane.edu/sites/default/files/styles/scale_and_crop_266x200/public/images/events/4b56ee45-9295-4619-a60d-f71c2eb9bfdb2711ff1b-f0ae-407b-99ea-939da8675bfa.png?itok=xjU8vpsh,Online,2025-09-17T16:00:00-05:00,Sep,17,Wed
CEA Open Sessions: Entering & Creating Communities,https://events.tulane.edu/content/cea-open-sessions-entering-creating-communities-3,https://events.tulane.edu/sites/default/files/styles/scale_and_crop_266x200/public/images/events/a10f87e5-1f72-4cc4-ac22-240ec4a6cdfd8006d11d-b788-4800-9864-483b542cb1c2.png?itok=waFg33S3,Entering Communities: Cultural Humility and Intercultural Competence,2025-09-17T17:00:00-05:00,Sep,17,Wed
General Membership Meeting,https://events.tulane.edu/content/general-membership-meeting,https://events.tulane.edu/sites/default/files/styles/scale_and_crop_266x200/public/images/events/b9f5424e-0192-41c8-a010-cf9978519e457654c08d-ffae-4f89-bdbd-51a5cdc01cde.png?itok=x_QftVgM,Online,2025-09-17T17:00:00-05:00,Sep,17,Wed
CEA Open Sessions: Entering & Creating Communities,https://events.tulane.edu/content/cea-open-sessions-entering-creating-communities-4,https://events.tulane.edu/sites/default/files/styles/scale_and_crop_266x200/public/images/events/a10f87e5-1f72-4cc4-ac22-240ec4a6cdfd8006d11d-b788-4800-9864-483b542cb1c2.png?itok=waFg33S3,Entering Communities: Cultural Humility and Intercultural Competence,2025-09-17T17:00:00-05:00,Sep,17,Wed
2025 Symposium on Climate & Health in the Gulf Region,https://events.tulane.edu/content/2025-symposium-climate-health-gulf-region,https://events.tulane.edu/sites/default/files/styles/scale_and_crop_266x200/public/images/events/8ded5a15-ccf9-4ea3-a576-656ea9eae5653fc78a64-240e-43ea-9ca4-e8aba9fc6ffa.png?itok=dxYjA-OJ,Celia Scott Weatherhead School of Public Health and Tropical Medicine at Tulane University - Diboll Auditorium,2025-09-18T14:00:00-05:00,Sep,18,Thu
Coffee & Conversation: Community Connections,https://events.tulane.edu/content/coffee-conversation-community-connections,https://events.tulane.edu/sites/default/files/styles/scale_and_crop_266x200/public/images/events/bd362c56-00a1-4837-a2d3-257a463d43c8c9938ecf-fc35-4e53-abe6-ec0a786209e0.png?itok=sNuZMOR9,Conference Room - 6901 Willow Street,2025-09-18T15:30:00-05:00,Sep,18,Thu
